Year,SSA,UKR
2010,44776.08992,661.7199707
2011,45258.27016,711.7000122
2012,45828.09014,756.4500122
2013,46196.8904,754.960022
2014,44753.86965,1317.969971
2015,47536.92978,1548.890015
2016,47458.11003,1607.609985
2017,52177.96975,1236.900024
2018,51345.35966,1223.170044
2019,54515.65997,1181.150024
