wage,year
86.37000275,1991
86.76999664,1992
86.91000366,1993
86.58000183,1994
86.51999664,1995
86.95999908,1996
87.02999878,1997
87.5,1998
87.38999939,1999
87.73000336,2000
87.80000305,2001
87.69000244,2002
87.18000031,2003
86.91000366,2004
87.01000214,2005
86.76999664,2006
86.61000061,2007
86.66000366,2008
86.40000153,2009
86.01000214,2010
85.81999969,2011
85.37000275,2012
85.41000366,2013
84.76999664,2014
85.01000214,2015
84.55999756,2016
84.62999725,2017
84.88999939,2018
84.43000031,2019
