day,VIOLATIONS_r,VIOLATION_s
Friday,65.4901185770751,299.9431818181818
Monday,64.54174757281554,297.83752093802343
Saturday,66.48170731707317,326.88823529411764
Sunday,68.53291536050156,325.1568836712914
Thursday,64.19243421052632,294.24426229508197
Tuesday,63.59207920792079,292.3005272407733
Wednesday,64.44291338582677,295.7886323268206
