Crop,Decision Tree MAE
Asparagus,3.3333333333333335
Cabbage,33.333333333333336
Carrots,23.333333333333332
Cucumbers,0.566666666666667
Onions,73.33333333333333
Peppers,11.666666666666666
Pumpkins,18.333333333333332
Squash,13.333333333333334
Tomatoes,68.33333333333333
