incline type,feature count,length(km)
?,7752,286.48154035931265
down,4,0.29153921112458264
up,4,0.2601001104455976
yes,2,0.00547928169343366
