tactile_paving type,feature count,length(km)
?,6682,254.95338706382927
no,1069,31.750998571677524
yes,11,0.3342733270694504
