smoothness type,feature count,length(km)
?,6573,250.68409987254645
bad,193,4.688843528927151
excellent,120,4.6097502157252555
good,492,16.13526659175111
horrible,4,0.0826631821806614
impassable,4,0.11098495976963954
intermediate,352,9.927933198113841
very_bad,18,0.5631161308690301
very_horrible,6,0.23600128269308998
