winner_hand,n,percent
Left-handed,765,0.1878683693516699
Right-handed,3305,0.8116404715127702
U,2,0.0004911591355599214
