Month,Stocks Avg Return,Fed Funds Rate
Jan-22,-0.263106493,0.000793548
Feb-22,-0.157985493,0.001
Mar-22,0.163117191,0.002009677
Apr-22,-0.447880486,0.0033
May-22,0.018851104,0.007633333
Jun-22,-0.400084995,0.011633333
Jul-22,0.443892624,0.016758065
Aug-22,-0.181224184,0.0233
Sep-22,-0.455004526,0.02555
Oct-22,0.120809196,0.0308
Nov-22,0.264157191,0.0378
Dec-22,-0.282973737,0.038925
