alpha,beta,cutoff,llhd,exit_code
2.54353451496403,33.0241791717461,0.975,-6261.59429038355,1
2.20447931471928,32.0937716476111,0.95,-6088.15355896945,1
1.0009794631475,30.3408739279806,0.75,-5194.34003889392,1
0.719519592463718,28.9117722911932,0.5,-4744.61199427629,1
0.446202789962904,26.1339368149632,0.25,-4489.63191959113,1
3.79312696428517e-05,23.0705275365025,0.05,-4207.88007590227,1
1.37335441489005e-05,21.822221287172,0.025,-4202.98868047724,1
