time,voltage
0.0,1.0
0.01,1.0597173327349768
0.02,1.1186994909885333
... (more rows)
1.97,0.883966876586772
1.98,0.9406342414583043
1.99,0.9980267284282716